# from	to	remind	sunset_floor   (MMDD, HH:MM)
0101	0108	17:48	18:08
0109	0116	17:53	18:13
0117	0124	17:58	18:18
0125	0201	18:03	18:23
0202	0211	18:08	18:28
0212	0222	18:13	18:33
0223	0308	18:18	18:38
0309	0330	18:23	18:43
0331	0421	18:28	18:48
0422	0507	18:33	18:53
0508	0520	18:38	18:58
0521	0603	18:43	19:03
0604	0619	18:48	19:08
0620	0728	18:51	19:11
0729	0808	18:46	19:06
0809	0816	18:41	19:01
0817	0823	18:36	18:56
0824	0829	18:31	18:51
0830	0904	18:26	18:46
0905	0910	18:21	18:41
0911	0916	18:16	18:36
0917	0921	18:11	18:31
0922	0927	18:06	18:26
0928	1003	18:01	18:21
1004	1009	17:56	18:16
1010	1016	17:51	18:11
1017	1024	17:46	18:06
1025	1103	17:41	18:01
1104	1215	17:36	17:56
1216	1226	17:41	18:01
1227	1231	17:46	18:06
